ÿ£¢NAME,STATE_NAME,STATE_FIPS,CNTY_FIPS,FIPS,POPULATION,POP_SQMI,POP2010,POP10_SQMI,WHITE,BLACK,AMERI_ES,ASIAN,HAWN_PI,HISPANIC,OTHER,MULT_RACE,MALES,FEMALES,AGE_UNDER5,AGE_5_9,AGE_10_14,AGE_15_19,AGE_20_24,AGE_25_34,AGE_35_44,AGE_45_54,AGE_55_64,AGE_65_74,AGE_75_84,AGE_85_UP,MED_AGE,MED_AGE_M,MED_AGE_F,HOUSEHOLDS,AVE_HH_SZ,HSEHLD_1_M,HSEHLD_1_F,MARHH_CHD,MARHH_NO_C,MHH_CHILD,FHH_CHILD,FAMILIES,AVE_FAM_SZ,HSE_UNITS,VACANT,OWNER_OCC,RENTER_OCC,NO_FARMS17,AVE_SIZE17,CROP_ACR17,AVE_SALE17,SQMI,POP2017,Shape_Leng,Shape_Length,Shape_Area,County_Name,Mortality,Population_1,Percent_in_Poverty,SVI,Mortality_rate_per_100000,Mort_Class,Pov_Class,Bi_Class,SVI_Class,Bi_Class_SVI
Adams,Illinois,17,001,17001,67323,77.200000000000003,67103,77.000000000000000,62868,2331,111,441,12,776,243,1097,32667,34436,4232,4240,4264,4620,4107,7736,7916,9822,8419,5650,4074,2023,40.700000000000003,39.100000000000001,42.100000000000001,27375,2.370000000000000,3485,4742,5358,8321,675,2023,17677,2.940000000000000,29842,2467,19757,7618,1308.000000000000000,365.000000000000000,382809.000000000000000,205979.000000000000000,871.509999999999991,0,1.966830005140000,621118.369639423559420,24068992435.455158233642578,Adams,70,64783,10.699999999999999,0.475200000000000,108.053038599999994,Low,Med,Low-Med,Med,Low-Med
Alexander,Illinois,17,003,17003,7578,30.000000000000000,8238,32.600000000000001,5018,2915,26,16,6,155,114,143,4182,4056,585,529,466,546,500,946,920,1204,1145,762,471,164,41.000000000000000,39.200000000000003,43.000000000000000,3329,2.310000000000000,540,579,435,883,96,439,2093,2.940000000000000,4006,677,2290,1039,126.000000000000000,401.000000000000000,43073.000000000000000,131891.000000000000000,252.500000000000000,0,1.557524339560000,506729.089992724941112,6934180866.765690803527832,Alexander,11,5497,24.199999999999999,1.000000000000000,200.109150400000004,High,High,High-High,High,High-High
Bond,Illinois,17,005,17005,17146,44.799999999999997,17768,46.399999999999999,16143,1080,92,68,3,547,58,324,9284,8484,955,1002,1032,1183,1305,2294,2385,2695,2246,1345,905,421,39.700000000000003,38.200000000000003,41.899999999999999,6427,2.440000000000000,730,992,1324,2119,196,391,4340,2.930000000000000,7089,662,4966,1461,637.000000000000000,271.000000000000000,149841.000000000000000,133047.000000000000000,382.670000000000016,0,1.345669137720000,428190.005942848045379,10597930439.877664566040039,Bond,11,16262,10.800000000000001,0.534700000000000,67.642356410000005,Low,Med,Low-Med,Med,Low-Med
Boone,Illinois,17,007,17007,54333,192.699999999999989,54165,192.099999999999994,45724,1064,200,686,23,10967,5048,1420,27059,27106,3716,4409,4694,4382,2772,5863,8048,7987,5930,3788,1908,668,36.600000000000001,35.899999999999999,37.200000000000003,18505,2.910000000000000,1648,1841,5610,5785,634,1345,14273,3.320000000000000,19970,1465,14912,3593,457.000000000000000,248.000000000000000,106043.000000000000000,171588.000000000000000,281.970000000000027,0,1.138171297600000,371085.607803094258998,7724860023.685756683349609,Boone,57,52777,6.800000000000000,0.613900000000000,108.001591599999998,Low,Low,Low-Low,Med,Low-Med
Brown,Illinois,17,009,17009,6745,22.000000000000000,6937,22.600000000000001,5276,1280,14,16,2,402,306,43,4450,2487,296,323,287,399,590,1318,1106,1064,695,457,276,126,37.200000000000003,35.600000000000001,41.799999999999997,2099,2.300000000000000,346,330,415,662,46,123,1346,2.880000000000000,2462,363,1611,488,419.000000000000000,338.000000000000000,88173.000000000000000,118947.000000000000000,307.230000000000018,0,1.316579031500000,410149.740799268882256,8631345841.593570709228516,Brown,9,6546,16.699999999999999,0.613900000000000,137.488542599999988,Med,High,Med-High,Med,Med-Med
Bureau,Illinois,17,011,17011,34496,39.500000000000000,34978,40.100000000000001,32937,212,98,228,6,2695,1046,451,17119,17859,2036,2329,2289,2324,1630,3794,4244,5263,4743,3134,2118,1074,42.399999999999999,41.100000000000001,43.700000000000003,14262,2.420000000000000,1760,2233,2867,4784,418,886,9605,2.940000000000000,15720,1458,10845,3417,1038.000000000000000,421.000000000000000,408184.000000000000000,346794.000000000000000,873.320000000000050,0,2.230603787520000,689437.026065925951116,24497544005.323204040527344,Bureau,57,32303,10.000000000000000,0.445500000000000,176.454199299999999,Med,Med,Med-Med,Med,Med-Med
Calhoun,Illinois,17,013,17013,4871,17.199999999999999,5089,17.899999999999999,5032,7,9,12,0,40,10,19,2528,2561,275,291,331,316,245,497,616,792,702,561,328,135,44.600000000000001,44.000000000000000,45.100000000000001,2085,2.400000000000000,281,288,444,790,40,92,1447,2.900000000000000,2835,750,1681,404,474.000000000000000,242.000000000000000,68694.000000000000000,81584.000000000000000,283.670000000000016,0,1.719172398630000,562215.886618906981312,7856006405.794604301452637,Calhoun,5,4616,9.199999999999999,0.069300000000000,108.318890800000005,Low,Low,Low-Low,Low,Low-Low
Carroll,Illinois,17,015,17015,14968,32.100000000000001,15387,33.000000000000000,14906,123,47,53,3,437,87,168,7708,7679,730,864,942,978,700,1478,1685,2326,2422,1712,1073,477,46.399999999999999,45.100000000000001,47.700000000000003,6622,2.290000000000000,938,1035,1146,2368,180,374,4343,2.800000000000000,8437,1815,5163,1459,627.000000000000000,392.000000000000000,210029.000000000000000,345845.000000000000000,466.240000000000009,0,1.725911866800000,514079.512163207517006,12823012608.256923675537109,Carroll,26,14241,10.500000000000000,0.277200000000000,182.571448599999997,High,Med,High-Med,Low,High-Low
Cass,Illinois,17,017,17017,13525,35.200000000000003,13642,35.500000000000000,11769,419,38,44,1,2291,1185,186,6838,6804,931,902,950,959,771,1659,1744,1963,1621,1093,727,322,38.700000000000003,37.100000000000001,40.500000000000000,5270,2.550000000000000,617,778,1132,1561,187,423,3561,3.060000000000000,5836,566,3826,1444,429.000000000000000,461.000000000000000,169820.000000000000000,284095.000000000000000,383.750000000000000,0,1.595421060810000,491047.164136815350503,10595250188.966209411621094,Cass,27,11925,12.199999999999999,0.811900000000000,226.415094299999993,High,Med,High-Med,High,High-High
Champaign,Illinois,17,019,17019,215540,215.900000000000006,201081,201.400000000000006,147600,24946,549,17969,134,10607,4361,5522,100390,100691,11658,10637,10211,20507,33849,30246,21263,23159,19485,10280,6806,2980,29.000000000000000,27.800000000000001,30.199999999999999,80665,2.290000000000000,12914,13846,13397,18615,1562,5583,42737,2.950000000000000,87569,6904,43419,37246,1214.000000000000000,480.000000000000000,566389.000000000000000,309350.000000000000000,998.350000000000023,0,2.099943804040000,675266.638102680677548,27680561983.539516448974609,Champaign,66,209192,15.100000000000000,0.752500000000000,31.549963670000000,Low,High,Low-High,High,Low-High
Christian,Illinois,17,021,17021,33639,47.000000000000000,34800,48.600000000000001,33610,495,51,167,8,471,147,322,17654,17146,2093,2061,2165,2356,1923,3985,4346,5375,4400,3049,2042,1005,41.500000000000000,39.899999999999999,43.299999999999997,14055,2.360000000000000,1892,2309,2681,4354,507,977,9211,2.900000000000000,15563,1508,10550,3505,794.000000000000000,507.000000000000000,382573.000000000000000,351029.000000000000000,715.720000000000027,0,1.887693309440000,606598.783267298364080,19876053411.561176300048828,Christian,61,32075,9.900000000000000,0.306900000000000,190.179267299999992,High,Med,High-Med,Low,High-Low
Clark,Illinois,17,023,17023,15971,31.600000000000001,16335,32.299999999999997,16027,48,25,55,3,172,56,121,7962,8373,929,1025,1069,1085,866,1750,2053,2540,2072,1542,937,467,42.200000000000003,41.000000000000000,43.399999999999999,6782,2.380000000000000,806,1071,1382,2249,195,435,4593,2.870000000000000,7772,990,5160,1622,733.000000000000000,356.000000000000000,227699.000000000000000,222796.000000000000000,504.970000000000027,0,1.589859915090000,498462.920520671526901,13846930454.269002914428711,Clark,18,15268,10.400000000000000,0.168300000000000,117.893633699999995,Med,Med,Med-Med,Low,Med-Low
Clay,Illinois,17,025,17025,13357,28.399999999999999,13815,29.399999999999999,13499,47,32,63,0,151,63,111,6781,7034,852,903,853,926,708,1552,1602,2083,1868,1224,853,391,42.100000000000001,40.700000000000003,43.500000000000000,5697,2.370000000000000,710,938,1083,1884,186,372,3790,2.890000000000000,6404,707,4429,1268,732.000000000000000,402.000000000000000,258700.000000000000000,158625.000000000000000,469.689999999999998,0,1.530274301460000,483700.123111849185079,13101122237.460807800292969,Clay,29,13079,13.300000000000001,0.673300000000000,221.729489999999998,High,Med,High-Med,High,High-High
Clinton,Illinois,17,027,17027,38454,76.500000000000000,37762,75.099999999999994,35284,1338,94,167,13,1058,442,424,19529,18233,2195,2326,2440,2564,2264,5031,5070,6047,4367,2726,1956,776,39.299999999999997,37.700000000000003,41.100000000000001,14005,2.550000000000000,1544,1972,3390,4527,354,761,9760,3.020000000000000,15311,1306,11077,2928,831.000000000000000,284.000000000000000,214880.000000000000000,297196.000000000000000,502.990000000000009,0,1.742640136940000,548506.242883806116879,14323500565.755002975463867,Clinton,41,37398,7.100000000000000,0.257400000000000,109.631531100000004,Low,Low,Low-Low,Low,Low-Low
Coles,Illinois,17,029,17029,52528,103.000000000000000,53873,105.599999999999994,50029,2067,104,531,13,1155,310,819,25958,27915,2824,2710,2744,5218,9123,6148,5187,6653,5835,3707,2526,1198,31.699999999999999,30.899999999999999,32.600000000000001,21463,2.300000000000000,2983,3746,3380,5588,536,1443,11963,2.870000000000000,23425,1962,12864,8599,701.000000000000000,338.000000000000000,219856.000000000000000,191073.000000000000000,510.050000000000011,0,1.626409773800000,509262.246174646948930,14172967500.610191345214844,Coles,49,50383,17.500000000000000,0.821800000000000,97.255026500000000,Low,High,Low-High,High,Low-High
Cook,Illinois,17,031,17031,5274129,5506.100000000000364,5194675,5423.199999999999818,2877212,1287767,21559,322672,1724,1244762,551971,131770,2514314,2680361,342493,331837,339576,360190,372503,831563,709795,717063,569326,324521,204431,91377,35.299999999999997,34.000000000000000,36.600000000000001,1966356,2.600000000000000,267067,342515,389079,414863,49559,186828,1211420,3.340000000000000,2180359,214003,1143857,822499,182.000000000000000,65.000000000000000,10763.000000000000000,108186.000000000000000,957.870000000000005,0,2.887185329700000,909101.477685907972045,26923346195.197608947753906,Cook,7636,5108284,12.900000000000000,0.950500000000000,149.482683400000013,Med,Med,Med-Med,High,Med-High
Crawford,Illinois,17,033,17033,19324,43.299999999999997,19817,44.399999999999999,18381,934,48,103,8,362,162,181,10287,9530,1008,1067,1212,1312,1183,2471,2530,3121,2577,1696,1149,491,41.700000000000003,39.899999999999999,44.100000000000001,7763,2.360000000000000,996,1262,1498,2583,223,455,5154,2.880000000000000,8661,898,6114,1649,566.000000000000000,388.000000000000000,193454.000000000000000,191594.000000000000000,445.980000000000018,0,1.478926202250000,468108.626623252639547,12235134754.447582244873047,Crawford,29,18512,11.000000000000000,0.633700000000000,156.655142600000005,Med,Med,Med-Med,Med,Med-Med
Cumberland,Illinois,17,035,17035,10986,31.699999999999999,11048,31.800000000000001,10856,38,17,27,0,75,24,86,5517,5531,730,697,719,737,602,1267,1343,1644,1471,951,597,290,41.000000000000000,40.000000000000000,42.100000000000001,4377,2.500000000000000,516,549,962,1562,149,235,3121,2.950000000000000,4874,497,3589,788,724.000000000000000,237.000000000000000,145698.000000000000000,166609.000000000000000,346.959999999999980,0,1.320362329900000,406609.578196823596954,9587584797.938058853149414,Cumberland,20,10649,8.900000000000000,0.079200000000000,187.811062099999987,High,Low,High-Low,Low,High-Low
DeKalb,Illinois,17,037,17037,105657,166.500000000000000,105160,165.699999999999989,89453,6732,267,2438,23,10647,4149,2098,52530,52630,6645,6655,6351,9755,15901,14767,11956,13051,9742,5395,3366,1576,29.399999999999999,28.600000000000001,30.300000000000001,38484,2.560000000000000,4766,5168,8359,9805,972,2786,23781,3.110000000000000,41079,2595,23547,14937,779.000000000000000,477.000000000000000,362602.000000000000000,493179.000000000000000,634.620000000000005,0,1.741407392380000,570029.063766110106371,17491704505.355590820312500,DeKalb,56,104491,9.900000000000000,0.099000000000000,53.593132420000003,Low,Med,Low-Med,Low,Low-Low
De Witt,Illinois,17,039,17039,16463,40.600000000000001,16561,40.899999999999999,16035,87,26,60,4,354,156,193,8201,8360,960,1099,1062,1099,775,1909,2127,2619,2143,1512,867,389,41.600000000000001,40.500000000000000,42.799999999999997,6811,2.390000000000000,891,985,1346,2266,211,449,4618,2.880000000000000,7521,710,5239,1572,504.000000000000000,369.000000000000000,177076.000000000000000,238875.000000000000000,405.079999999999984,0,1.540315427220000,467241.804060236900114,11402344784.049551010131836,De Witt,21,15368,10.800000000000001,0.683200000000000,136.647579400000012,Med,Med,Med-Med,High,Med-High
Douglas,Illinois,17,041,17041,19857,47.600000000000001,19980,47.899999999999999,19113,58,34,83,0,1210,461,231,9847,10133,1407,1513,1429,1268,1133,2396,2332,2924,2424,1577,1112,465,38.700000000000003,37.100000000000001,40.200000000000003,7720,2.570000000000000,846,1171,1838,2564,187,442,5377,3.110000000000000,8390,670,5918,1802,600.000000000000000,408.000000000000000,236634.000000000000000,265888.000000000000000,417.240000000000009,0,1.519668536010000,465032.815433392766863,11694591248.628932952880859,Douglas,29,19510,8.199999999999999,0.732700000000000,148.641722200000004,Med,Low,Med-Low,High,Med-High
DuPage,Illinois,17,043,17043,934648,2777.800000000000182,916924,2725.099999999999909,714140,42346,2415,92304,217,121506,45106,20396,449351,467573,56940,62430,65875,65319,54497,117222,125979,149142,113122,57640,32885,15873,38.000000000000000,36.500000000000000,39.500000000000000,337132,2.680000000000000,34246,47517,93899,99333,6316,18677,238014,3.240000000000000,356179,19047,251835,85297,77.000000000000000,28.000000000000000,1643.000000000000000,50378.000000000000000,336.470000000000027,0,1.261746870000000,397706.733802386152092,9320455811.719554901123047,DuPage,821,917481,5.900000000000000,0.326700000000000,89.484141910000005,Low,Low,Low-Low,Low,Low-Low
Edgar,Illinois,17,045,17045,17698,28.399999999999999,18576,29.800000000000001,18268,64,25,33,4,187,52,130,9008,9568,1068,1103,1196,1164,912,2038,2200,2825,2601,1805,1142,522,43.200000000000003,41.500000000000000,45.000000000000000,7839,2.330000000000000,1025,1284,1411,2531,229,549,5148,2.840000000000000,8803,964,5796,2043,637.000000000000000,499.000000000000000,299471.000000000000000,351360.000000000000000,624.139999999999986,0,1.722314170850000,554490.439412921434268,17573444589.220718383789062,Edgar,36,16858,11.699999999999999,0.346500000000000,213.548463599999991,High,Med,High-Med,Med,High-Med
Edwards,Illinois,17,047,17047,6458,29.000000000000000,6721,30.199999999999999,6584,30,9,22,0,59,21,55,3318,3403,366,459,449,441,306,689,843,1031,946,596,415,180,42.700000000000003,41.000000000000000,44.399999999999999,2840,2.350000000000000,344,466,569,987,88,151,1926,2.860000000000000,3187,347,2303,537,291.000000000000000,384.000000000000000,98585.000000000000000,209843.000000000000000,222.699999999999989,0,1.022488361090000,340435.326098730030935,6217575693.230138778686523,Edwards,10,6356,10.699999999999999,0.415800000000000,157.331655100000006,Med,Med,Med-Med,Med,Med-Med
Effingham,Illinois,17,049,17049,35090,73.099999999999994,34242,71.299999999999997,33429,79,39,147,7,597,262,279,17009,17233,2250,2248,2398,2469,1985,4164,4013,5350,4169,2643,1758,795,39.200000000000003,37.100000000000001,41.200000000000003,13515,2.500000000000000,1605,2030,3130,4296,372,843,9302,3.030000000000000,14570,1055,10389,3126,1193.000000000000000,251.000000000000000,260693.000000000000000,163506.000000000000000,479.939999999999998,0,1.483722859670000,469100.777675963297952,13267449173.539081573486328,Effingham,44,34065,9.300000000000001,0.316800000000000,129.164831899999996,Med,Low,Med-Low,Low,Med-Low
Fayette,Illinois,17,051,17051,21620,29.800000000000001,22140,30.500000000000000,20750,980,35,51,4,304,94,226,11644,10496,1295,1343,1440,1477,1417,2753,2818,3348,2669,1849,1241,490,39.899999999999999,38.399999999999999,41.799999999999997,8311,2.450000000000000,1035,1229,1709,2723,278,547,5648,2.950000000000000,9302,991,6471,1840,1239.000000000000000,282.000000000000000,297846.000000000000000,133117.000000000000000,725.340000000000032,0,2.065446698150000,662536.411871022777632,20136136811.661296844482422,Fayette,34,21264,14.699999999999999,0.792100000000000,159.894657599999988,Med,High,Med-High,High,Med-High
Ford,Illinois,17,053,17053,13835,28.399999999999999,14081,29.000000000000000,13677,85,33,37,0,294,90,159,6854,7227,815,951,972,936,654,1482,1688,2245,1705,1194,922,517,42.299999999999997,40.000000000000000,44.500000000000000,5676,2.410000000000000,684,971,1184,1812,160,371,3798,2.950000000000000,6282,606,4293,1383,564.000000000000000,479.000000000000000,262743.000000000000000,338187.000000000000000,486.329999999999984,0,2.239475641290000,725669.640096814138815,13819988926.605333328247070,Ford,24,12949,9.500000000000000,0.356400000000000,185.342497500000007,High,Low,High-Low,Med,High-Med
Franklin,Illinois,17,055,17055,39782,92.200000000000003,39561,91.700000000000003,38641,123,104,124,3,475,124,442,19342,20219,2356,2468,2510,2610,2119,4425,4903,5644,5248,3929,2263,1086,41.799999999999997,40.299999999999997,43.299999999999997,16617,2.350000000000000,2209,2768,3072,5029,546,1249,10912,2.880000000000000,18525,1908,12439,4178,596.000000000000000,292.000000000000000,148811.000000000000000,140460.000000000000000,431.470000000000027,0,1.441847604230000,454180.506142265454400,12048284221.202648162841797,Franklin,60,38060,15.500000000000000,0.851500000000000,157.645822399999986,Med,High,Med-High,High,Med-High
Fulton,Illinois,17,057,17057,36182,41.000000000000000,37069,42.000000000000000,34625,1269,131,112,2,896,596,334,19153,17916,1940,2155,2263,2241,2103,4574,4771,5450,4880,3361,2256,1075,41.899999999999999,39.799999999999997,44.500000000000000,14536,2.370000000000000,1788,2298,2677,4887,496,982,9744,2.860000000000000,16195,1659,11082,3454,973.000000000000000,414.000000000000000,305497.000000000000000,226488.000000000000000,882.600000000000023,0,2.037645498890000,650158.743193491478451,24462746448.709659576416016,Fulton,32,33690,13.199999999999999,0.336600000000000,94.983674679999993,Low,Med,Low-Med,Med,Low-Med
Gallatin,Illinois,17,059,17059,5602,17.100000000000001,5589,17.000000000000000,5473,12,14,5,0,66,20,65,2724,2865,332,321,313,357,278,585,647,809,802,663,360,122,44.399999999999999,42.399999999999999,45.899999999999999,2403,2.320000000000000,322,425,414,802,69,152,1556,2.870000000000000,2746,343,1881,522,165.000000000000000,1078.000000000000000,161336.000000000000000,559931.000000000000000,328.269999999999982,0,1.340082037780000,432467.192169225425459,9088176680.320341110229492,Gallatin,8,4793,15.600000000000000,0.643600000000000,166.910077199999989,Med,High,Med-High,Med,Med-Med
Greene,Illinois,17,061,17061,13380,24.500000000000000,13886,25.399999999999999,13588,119,23,16,2,115,39,99,7014,6872,813,849,934,945,730,1605,1686,2196,1740,1239,844,305,41.500000000000000,40.100000000000001,43.100000000000001,5570,2.440000000000000,735,815,1168,1782,198,332,3777,2.950000000000000,6389,819,4259,1311,733.000000000000000,448.000000000000000,257831.000000000000000,250140.000000000000000,546.289999999999964,0,1.714056334890000,552367.070499696652405,15478281210.236660003662109,Greene,26,12702,13.300000000000001,0.148500000000000,204.692174499999993,High,Med,High-Med,Low,High-Low
Grundy,Illinois,17,063,17063,51671,120.000000000000000,50063,116.299999999999997,46933,605,114,327,15,4096,1336,733,24977,25086,3638,3889,3839,3541,2567,6804,7361,7386,5492,3117,1661,768,36.000000000000000,35.399999999999999,36.700000000000003,18546,2.690000000000000,2110,2064,5208,5503,601,1242,13431,3.160000000000000,19996,1450,13930,4616,412.000000000000000,566.000000000000000,224916.000000000000000,328790.000000000000000,430.439999999999998,0,1.381798402220000,441537.563633739715442,11960141816.221771240234375,Grundy,44,50993,5.900000000000000,0.198000000000000,86.286353030000001,Low,Low,Low-Low,Low,Low-Low
Hamilton,Illinois,17,065,17065,8131,18.699999999999999,8457,19.399999999999999,8305,31,20,19,1,105,22,59,4131,4326,502,547,534,540,396,968,927,1228,1144,857,539,275,43.100000000000001,41.100000000000001,45.100000000000001,3489,2.390000000000000,433,547,709,1206,99,214,2376,2.910000000000000,4104,615,2772,717,552.000000000000000,363.000000000000000,174396.000000000000000,156244.000000000000000,435.779999999999973,0,1.358070886360000,443851.629364168271422,12090598317.311183929443359,Hamilton,11,8084,13.000000000000000,0.514900000000000,136.071251899999993,Med,Med,Med-Med,Med,Med-Med
Hancock,Illinois,17,067,17067,18492,22.699999999999999,19104,23.500000000000000,18723,52,40,46,11,185,56,176,9390,9714,1119,1118,1179,1248,872,1995,2128,2887,2772,1975,1272,539,44.500000000000000,42.899999999999999,46.000000000000000,8040,2.350000000000000,1018,1251,1537,2906,207,418,5427,2.850000000000000,9274,1234,6338,1702,1109.000000000000000,411.000000000000000,378185.000000000000000,288771.000000000000000,814.389999999999986,0,2.001707703170000,627446.673033225699328,22701932045.788635253906250,Hancock,32,17422,11.199999999999999,0.178200000000000,183.675812199999996,High,Med,High-Med,Low,High-Low
Hardin,Illinois,17,069,17069,4175,23.000000000000000,4320,23.800000000000001,4205,13,26,22,5,56,14,35,2147,2173,240,229,263,245,174,426,507,645,713,526,275,77,46.200000000000003,45.399999999999999,47.000000000000000,1915,2.250000000000000,288,319,329,645,47,114,1234,2.780000000000000,2488,573,1540,375,161.000000000000000,227.000000000000000,21201.000000000000000,34971.000000000000000,181.639999999999986,0,0.956745376762000,301678.202418875473086,5324149334.305993080139160,Hardin,10,3808,18.000000000000000,0.485100000000000,262.605042000000026,High,High,High-High,Med,High-Med
Henderson,Illinois,17,071,17071,7043,17.800000000000001,7331,18.600000000000001,7198,15,15,15,5,79,13,70,3614,3717,345,382,468,457,301,680,804,1245,1117,852,492,188,46.899999999999999,46.600000000000001,47.200000000000003,3149,2.310000000000000,433,426,557,1172,92,169,2127,2.780000000000000,3827,678,2530,619,438.000000000000000,440.000000000000000,165133.000000000000000,279297.000000000000000,395.189999999999998,0,1.561328110610000,502493.612745003425516,10921798699.728578567504883,Henderson,15,6535,10.600000000000000,0.108900000000000,229.533282299999996,High,Med,High-Med,Low,High-Low
Henry,Illinois,17,073,17073,49726,60.200000000000003,50486,61.100000000000001,47846,796,93,191,14,2402,814,732,25112,25374,3006,3316,3430,3595,2365,5503,6049,7714,6884,4454,2903,1267,41.700000000000003,40.000000000000000,43.500000000000000,20373,2.440000000000000,2383,2928,4374,7011,547,1306,14149,2.920000000000000,22161,1788,15986,4387,1353.000000000000000,358.000000000000000,440794.000000000000000,260897.000000000000000,825.629999999999995,0,1.938786860450000,606193.804514767951332,22864515602.314441680908203,Henry,63,48411,9.600000000000000,0.207900000000000,130.135713000000010,Med,Low,Med-Low,Low,Med-Low
Iroquois,Illinois,17,075,17075,28846,25.800000000000001,29718,26.600000000000001,28155,233,51,103,2,1584,779,395,14519,15199,1625,1890,2121,2074,1350,2982,3429,4653,3967,2866,1854,907,43.299999999999997,41.700000000000003,44.700000000000003,11956,2.450000000000000,1412,1843,2504,4035,332,714,8175,2.950000000000000,13452,1496,9040,2916,1516.000000000000000,449.000000000000000,655873.000000000000000,277400.000000000000000,1118.740000000000009,0,2.208068614350000,701759.964050757116638,30929234385.585815429687500,Iroquois,44,26711,11.199999999999999,0.604000000000000,164.726142799999991,Med,Med,Med-Med,Med,Med-Med
Jackson,Illinois,17,077,17077,59978,99.599999999999994,60218,100.000000000000000,46875,8589,227,1910,32,2403,992,1593,30676,29542,3121,2930,2832,5471,11361,8653,5901,6692,6255,3560,2352,1090,29.199999999999999,27.899999999999999,31.300000000000001,25538,2.200000000000000,4480,4487,3474,5598,486,1793,12621,2.870000000000000,28578,3040,12861,12677,772.000000000000000,287.000000000000000,176757.000000000000000,112920.000000000000000,602.450000000000045,0,1.715658136760000,548725.366022890899330,16905538457.401655197143555,Jackson,68,56675,17.199999999999999,0.970300000000000,119.982355499999997,Med,High,Med-High,High,Med-High
Jasper,Illinois,17,079,17079,9625,19.300000000000001,9698,19.500000000000000,9564,11,13,24,2,79,26,58,4832,4866,555,636,626,619,503,1085,1103,1593,1289,844,559,286,42.700000000000003,41.799999999999997,43.399999999999999,3940,2.450000000000000,476,490,878,1452,95,181,2800,2.900000000000000,4345,405,3306,634,913.000000000000000,273.000000000000000,218747.000000000000000,181690.000000000000000,498.100000000000023,0,1.457291534540000,465391.244684773846529,13612919487.206441879272461,Jasper,13,9465,9.600000000000000,0.366300000000000,137.348124700000000,Med,Low,Med-Low,Med,Med-Med
Jefferson,Illinois,17,081,17081,38358,65.700000000000003,38827,66.500000000000000,34315,3251,85,246,7,799,299,624,19945,18882,2434,2305,2369,2551,2248,4794,4977,5654,5207,3356,1940,992,40.600000000000001,39.000000000000000,42.399999999999999,15365,2.380000000000000,1990,2487,2827,4863,452,1249,10140,2.920000000000000,16954,1589,11192,4173,1099.000000000000000,245.000000000000000,222563.000000000000000,86101.000000000000000,583.779999999999973,0,1.574363615030000,505116.145970712066628,15981985230.360885620117188,Jefferson,65,37235,12.500000000000000,0.960400000000000,174.566939700000006,Med,Med,Med-Med,High,Med-High
Jersey,Illinois,17,083,17083,22388,59.399999999999999,22985,61.000000000000000,22431,93,60,77,6,222,46,272,11255,11730,1293,1439,1563,1669,1534,2533,2802,3664,2883,1929,1181,495,40.500000000000000,39.399999999999999,41.500000000000000,8828,2.510000000000000,1012,1197,1981,3001,247,544,6228,2.980000000000000,9848,1020,6861,1967,519.000000000000000,366.000000000000000,152145.000000000000000,158143.000000000000000,376.949999999999989,0,1.505024555150000,480409.651315564406104,10501475278.764030456542969,Jersey,36,21616,8.500000000000000,0.059400000000000,166.543301299999996,Med,Low,Med-Low,Low,Med-Low
Jo Daviess,Illinois,17,085,17085,22654,36.600000000000001,22678,36.700000000000003,22046,107,45,72,11,609,194,203,11377,11301,1194,1277,1400,1278,963,2060,2497,3441,3736,2707,1493,632,47.000000000000000,45.799999999999997,48.200000000000003,9753,2.310000000000000,1301,1464,1737,3711,233,444,6514,2.810000000000000,13574,3821,7740,2013,947.000000000000000,306.000000000000000,202143.000000000000000,160415.000000000000000,618.750000000000000,0,1.923417912400000,570672.775194288697094,17120440541.236419677734375,Jo Daviess,57,21239,9.100000000000000,0.217800000000000,268.374217199999975,High,Low,High-Low,Low,High-Low
Johnson,Illinois,17,087,17087,13031,37.399999999999999,12582,36.100000000000001,11197,1006,29,22,1,376,201,126,7018,5564,566,695,710,815,763,1566,1668,1922,1710,1295,653,219,42.200000000000003,39.799999999999997,45.399999999999999,4584,2.410000000000000,544,616,943,1770,104,249,3270,2.850000000000000,5598,1014,3756,828,653.000000000000000,162.000000000000000,55766.000000000000000,27824.000000000000000,348.870000000000005,0,1.255005477760000,408533.058354832115583,9771907739.896020889282227,Johnson,14,12358,14.900000000000000,0.415800000000000,113.286939599999997,Low,High,Low-High,Med,Low-Med
Kane,Illinois,17,089,17089,543795,1037.400000000000091,515269,983.000000000000000,384548,29422,2887,17895,193,158390,66818,13506,256815,258454,39870,42904,41701,38272,29637,68904,76116,74246,53929,28108,15066,6516,34.500000000000000,33.500000000000000,35.399999999999999,170479,2.980000000000000,14849,18978,53808,47200,5055,12582,128323,3.450000000000000,182047,11568,130570,39909,605.000000000000000,281.000000000000000,161894.000000000000000,299633.000000000000000,524.200000000000045,0,1.602330778950000,516037.817881918395869,14766288038.496099472045898,Kane,512,531010,7.300000000000000,0.742600000000000,96.420029749999998,Low,Low,Low-Low,High,Low-High
Kankakee,Illinois,17,091,17091,110804,162.599999999999994,113449,166.500000000000000,87986,17187,286,1052,34,10167,4502,2402,55731,57718,7660,7997,8056,8819,7805,14133,14203,16182,13357,7952,5029,2256,36.600000000000001,35.500000000000000,37.799999999999997,41511,2.610000000000000,4624,5954,8845,11524,1288,4250,28680,3.130000000000000,45246,3735,28598,12913,756.000000000000000,414.000000000000000,300446.000000000000000,292508.000000000000000,681.409999999999968,0,2.028074321010000,610431.944153701653704,18960168049.535278320312500,Kankakee,124,108594,13.600000000000000,0.940600000000000,114.186787499999994,Low,Med,Low-Med,High,Low-High
Kendall,Illinois,17,093,17093,124957,387.699999999999989,114736,355.899999999999977,95891,6585,316,3467,33,17898,5768,2676,56821,57915,10092,10753,9899,7900,5318,17511,20054,14950,9877,5115,2324,943,32.899999999999999,32.200000000000003,33.500000000000000,38022,3.010000000000000,2829,3397,14616,10396,996,2441,30067,3.410000000000000,40321,2299,32554,5468,313.000000000000000,441.000000000000000,133626.000000000000000,324656.000000000000000,322.339999999999975,0,1.213815281770000,379631.918889304506592,9055302020.402832031250000,Kendall,74,130638,3.900000000000000,0.227700000000000,56.645080299999996,Low,Low,Low-Low,Low,Low-Low
Knox,Illinois,17,095,17095,51368,71.400000000000006,52919,73.500000000000000,46329,3810,104,338,9,2558,1023,1306,26582,26337,2776,3118,3057,3580,3639,6091,6087,7525,7284,4864,3347,1551,42.000000000000000,39.799999999999997,44.399999999999999,21535,2.270000000000000,3105,3849,3331,6516,569,1825,13324,2.840000000000000,24077,2542,15003,6532,853.000000000000000,485.000000000000000,355450.000000000000000,333418.000000000000000,719.840000000000032,0,1.785021009240000,570333.065520935226232,20106968597.104927062988281,Knox,106,49053,13.400000000000000,0.901000000000000,216.092797600000011,High,Med,High-Med,High,High-High
Lake,Illinois,17,097,17097,708719,1504.200000000000045,703462,1493.099999999999909,528204,49033,3279,44358,294,139987,60008,18286,351119,352343,47115,53615,56719,56143,42235,81060,99747,113983,79752,40436,22762,9895,36.600000000000001,35.100000000000001,38.000000000000000,241712,2.820000000000000,22476,29434,75124,68941,5985,16757,179428,3.310000000000000,260310,18598,185213,56499,302.000000000000000,101.000000000000000,23883.000000000000000,129364.000000000000000,471.149999999999977,0,1.528600622900000,474654.106546094873920,12824565181.715835571289062,Lake,698,693593,7.000000000000000,0.703000000000000,100.635386999999994,Low,Low,Low-Low,High,Low-High
LaSalle,Illinois,17,099,17099,112097,97.599999999999994,113924,99.200000000000003,106187,2186,289,762,16,9135,2838,1646,56872,57052,6618,7345,7594,7611,6454,13341,13896,17963,14424,9202,6324,3152,41.000000000000000,39.500000000000000,42.500000000000000,45347,2.450000000000000,6005,6947,9035,14039,1384,3068,30116,3.000000000000000,49978,4631,33773,11574,1496.000000000000000,383.000000000000000,545372.000000000000000,247958.000000000000000,1148.059999999999945,0,2.538931166730000,823156.668568487628363,31835392850.748176574707031,LaSalle,180,107571,11.400000000000000,0.505000000000000,167.331343900000007,Med,Med,Med-Med,Med,Med-Med
Lawrence,Illinois,17,101,17101,16470,44.000000000000000,16833,45.000000000000000,14696,1608,38,38,2,553,280,171,9423,7410,874,875,914,997,1156,2504,2351,2505,1974,1327,960,396,39.600000000000001,37.000000000000000,44.399999999999999,6130,2.340000000000000,790,1058,1158,1951,170,394,4056,2.880000000000000,6936,806,4551,1579,426.000000000000000,528.000000000000000,205546.000000000000000,367043.000000000000000,374.160000000000025,0,1.300534829580000,411957.969789511873387,10505735556.255867004394531,Lawrence,30,15467,16.500000000000000,0.802000000000000,193.961336999999986,High,High,High-High,High,High-High
Lee,Illinois,17,103,17103,35366,48.500000000000000,36031,49.399999999999999,32745,1735,74,246,10,1802,693,528,18910,17121,2048,2062,2126,2414,2000,4232,4696,5985,4824,2932,1889,823,41.899999999999999,41.000000000000000,43.100000000000001,13758,2.410000000000000,1852,2110,2654,4395,396,978,9064,2.940000000000000,15049,1291,10213,3545,832.000000000000000,471.000000000000000,374374.000000000000000,335183.000000000000000,729.110000000000014,0,2.035224087050000,616050.197038876474835,20218679887.512168884277344,Lee,64,33647,10.600000000000000,0.435600000000000,190.210122699999999,High,Med,High-Med,Med,High-Med
Livingston,Illinois,17,105,17105,37188,35.600000000000001,38950,37.200000000000003,35752,1915,67,199,1,1532,518,498,19526,19424,2210,2382,2522,2635,2239,4806,4884,6299,4831,3084,2074,984,40.799999999999997,39.299999999999997,42.299999999999997,14613,2.430000000000000,1905,2273,2967,4637,459,969,9741,2.980000000000000,15895,1282,11001,3612,1313.000000000000000,457.000000000000000,581336.000000000000000,311022.000000000000000,1045.930000000000064,0,2.348800152130000,735886.019153436645865,29441023829.626674652099609,Livingston,54,35414,9.900000000000000,0.524800000000000,152.482069200000012,Med,Med,Med-Med,Med,Med-Med
Logan,Illinois,17,107,17107,29959,48.399999999999999,30305,49.000000000000000,27008,2285,60,184,5,893,371,392,15368,14937,1601,1667,1683,2150,2250,4111,3905,4528,3650,2349,1592,819,39.399999999999999,37.200000000000003,41.799999999999997,11070,2.340000000000000,1420,1807,2011,3561,375,821,7274,2.850000000000000,12107,1037,7996,3074,683.000000000000000,518.000000000000000,338070.000000000000000,359713.000000000000000,618.960000000000036,0,1.730473549320000,553029.790055281948298,17328737818.398208618164062,Logan,47,28383,11.600000000000000,0.267300000000000,165.592079799999993,Med,Med,Med-Med,Low,Med-Low
McDonough,Illinois,17,109,17109,32063,54.299999999999997,32612,55.299999999999997,29476,1642,75,580,2,867,237,600,16330,16282,1505,1511,1334,3377,6872,3532,2800,3567,3470,2215,1542,887,29.199999999999999,27.199999999999999,32.000000000000000,13057,2.190000000000000,2040,2387,1837,3389,252,730,6724,2.800000000000000,14419,1362,7632,5425,760.000000000000000,414.000000000000000,272539.000000000000000,281663.000000000000000,590.090000000000032,0,1.633917258020000,515698.515847141854465,16644267014.584308624267578,McDonough,31,29295,16.800000000000001,0.158400000000000,105.820105799999993,Low,High,Low-High,Low,Low-Low
McHenry,Illinois,17,111,17111,312325,511.300000000000011,308760,505.399999999999977,278257,3283,939,7807,80,35249,13194,5200,153936,154824,19896,23408,25253,23605,15468,34761,47336,52619,35094,18560,9180,3580,37.799999999999997,36.899999999999999,38.700000000000003,109199,2.810000000000000,9980,11640,34453,33535,2619,6219,82288,3.250000000000000,116040,6841,90722,18477,881.000000000000000,236.000000000000000,189679.000000000000000,185870.000000000000000,610.870000000000005,0,1.685181150440000,518509.364549263089430,16798111246.496788024902344,McHenry,234,305888,6.300000000000000,0.287100000000000,76.498587720000003,Low,Low,Low-Low,Low,Low-Low
McLean,Illinois,17,113,17113,174087,146.800000000000011,169572,142.900000000000006,142940,12426,383,7227,55,7434,2603,3938,82329,87243,10650,10914,10421,14903,20902,23471,20945,22608,17418,9015,5666,2659,32.100000000000001,31.500000000000000,32.700000000000003,65104,2.440000000000000,8217,10092,14426,17174,1394,4390,40124,3.020000000000000,69656,4552,43358,21746,1416.000000000000000,438.000000000000000,599923.000000000000000,322784.000000000000000,1186.250000000000000,0,2.533830738210000,784836.866889053024352,32740680031.960491180419922,McLean,110,171256,10.699999999999999,0.891100000000000,64.231326199999998,Low,Med,Low-Med,High,Low-High
Macon,Illinois,17,115,17115,106699,182.099999999999994,110768,189.099999999999994,87855,18027,226,1118,32,2072,756,2754,52950,57818,6936,6876,6970,7774,7080,12988,12795,16297,14910,9079,6222,2841,40.299999999999997,39.100000000000001,41.399999999999999,45855,2.330000000000000,6274,7873,7481,13464,1169,4644,29326,2.890000000000000,50475,4620,32085,13770,589.000000000000000,471.000000000000000,267950.000000000000000,305610.000000000000000,585.850000000000023,0,1.732145849070000,552672.409556109341793,16554048011.992181777954102,Macon,142,103015,12.800000000000001,0.544600000000000,137.844003299999997,Med,Med,Med-Med,Med,Med-Med
Macoupin,Illinois,17,117,17117,46842,54.000000000000000,47765,55.100000000000001,46596,359,126,129,11,418,118,426,23548,24217,2818,2956,3050,3218,2733,5336,5745,7350,6388,4055,2817,1299,41.600000000000001,40.000000000000000,43.200000000000003,19381,2.420000000000000,2340,2887,3892,6469,620,1222,13224,2.900000000000000,21584,2203,14982,4399,1169.000000000000000,360.000000000000000,355347.000000000000000,202305.000000000000000,867.649999999999977,0,1.965286731640000,642258.266632544575259,24413258180.555004119873047,Macoupin,64,44567,10.800000000000001,0.247500000000000,143.604011899999989,Med,Med,Med-Med,Low,Med-Low
Madison,Illinois,17,119,17119,269152,363.500000000000000,269282,363.600000000000023,237641,21235,659,2254,107,7313,2427,4959,131578,137704,16307,17065,17167,18360,19939,34127,34053,41268,32568,19759,13228,5441,38.500000000000000,37.100000000000001,39.799999999999997,108094,2.460000000000000,12955,16068,21854,31440,3076,8504,71756,2.980000000000000,117106,9012,78459,29635,1079.000000000000000,295.000000000000000,287787.000000000000000,161912.000000000000000,740.519999999999982,0,2.064055309640000,636601.673821852542460,20227949604.219142913818359,Madison,294,262635,11.000000000000000,0.297000000000000,111.942429599999997,Low,Med,Low-Med,Low,Low-Low
Marion,Illinois,17,121,17121,38517,66.900000000000006,39437,68.500000000000000,36734,1557,122,224,9,542,165,626,19181,20256,2557,2376,2561,2793,2172,4353,4524,5938,5240,3593,2163,1167,41.500000000000000,39.799999999999997,43.100000000000001,16148,2.400000000000000,2048,2602,2953,4946,505,1436,10746,2.910000000000000,18296,2148,11975,4173,1004.000000000000000,248.000000000000000,203675.000000000000000,111406.000000000000000,575.899999999999977,0,1.589120785860000,509506.236753753852099,16280064708.593603134155273,Marion,50,37045,14.199999999999999,0.782200000000000,134.970981200000011,Med,High,Med-High,High,Med-High
Marshall,Illinois,17,123,17123,12270,30.800000000000001,12640,31.699999999999999,12271,44,22,45,2,314,137,119,6226,6414,681,723,793,858,574,1258,1475,1944,1866,1249,834,385,44.700000000000003,43.600000000000001,45.700000000000003,5161,2.400000000000000,633,752,995,1932,134,252,3549,2.880000000000000,5914,753,4177,984,472.000000000000000,421.000000000000000,180681.000000000000000,253274.000000000000000,398.509999999999991,0,1.686632009530000,504545.557616730337031,11126491159.785099029541016,Marshall,8,11309,9.300000000000001,0.237600000000000,70.740118490000000,Low,Low,Low-Low,Low,Low-Low
Mason,Illinois,17,125,17125,13338,23.699999999999999,14666,26.000000000000000,14382,54,36,40,0,117,19,135,7198,7468,757,901,966,969,684,1484,1779,2241,2080,1415,947,443,43.899999999999999,43.000000000000000,44.899999999999999,6079,2.380000000000000,814,914,1103,2064,185,425,4060,2.870000000000000,7077,998,4728,1351,548.000000000000000,569.000000000000000,289261.000000000000000,352034.000000000000000,563.379999999999995,0,2.032510408710000,628212.292918364284560,15912549878.826248168945312,Mason,33,13173,13.400000000000000,0.386100000000000,250.512411799999995,High,Med,High-Med,Med,High-Med
Massac,Illinois,17,127,17127,14847,61.299999999999997,15429,63.700000000000003,14033,904,62,42,0,290,72,316,7374,8055,950,982,966,1007,751,1663,1939,2370,1963,1461,913,464,42.299999999999997,41.299999999999997,43.200000000000003,6362,2.380000000000000,790,1069,1253,1949,158,516,4242,2.910000000000000,7113,751,4763,1599,417.000000000000000,284.000000000000000,95531.000000000000000,109927.000000000000000,242.129999999999995,0,1.181525401720000,373161.719699830457103,7212289288.524849891662598,Massac,21,13636,14.800000000000001,0.881200000000000,154.004106799999988,Med,High,Med-High,High,Med-High
Menard,Illinois,17,129,17129,12645,40.100000000000001,12705,40.299999999999997,12383,76,32,30,2,121,46,136,6181,6524,739,793,890,889,592,1272,1614,2098,1840,1121,599,258,42.500000000000000,41.299999999999997,43.500000000000000,5140,2.440000000000000,538,711,1127,1826,160,353,3683,2.870000000000000,5654,514,4089,1051,386.000000000000000,435.000000000000000,139020.000000000000000,232269.000000000000000,315.470000000000027,0,1.297926447390000,407230.417031234770548,8775509577.271461486816406,Menard,12,12068,7.900000000000000,0.019800000000000,99.436526349999994,Low,Low,Low-Low,Low,Low-Low
Mercer,Illinois,17,131,17131,15976,28.100000000000001,16434,28.899999999999999,16153,47,17,52,1,307,42,122,8125,8309,964,1013,1117,1016,754,1630,2000,2612,2327,1608,921,472,43.700000000000003,42.700000000000003,44.500000000000000,6734,2.410000000000000,814,925,1464,2460,182,350,4724,2.880000000000000,7358,624,5420,1314,748.000000000000000,377.000000000000000,247317.000000000000000,290808.000000000000000,568.759999999999991,0,1.752623850890000,526256.037320854724385,16068177944.980131149291992,Mercer,16,15225,8.800000000000001,0.128700000000000,105.090311999999997,Low,Low,Low-Low,Low,Low-Low
Monroe,Illinois,17,133,17133,34976,87.900000000000006,32957,82.799999999999997,32287,69,67,144,7,450,111,272,16282,16675,1953,2240,2444,2138,1639,3569,4449,5841,4026,2352,1657,649,40.899999999999999,39.600000000000001,42.000000000000000,12589,2.590000000000000,1198,1507,3440,4476,296,578,9375,3.020000000000000,13392,803,10280,2309,568.000000000000000,310.000000000000000,151019.000000000000000,155197.000000000000000,397.819999999999993,0,1.486007959360000,481012.274614870490041,11071698694.234960556030273,Monroe,45,34739,4.100000000000000,0.000000000000000,129.537407500000000,Med,Low,Med-Low,Low,Med-Low
Montgomery,Illinois,17,135,17135,28966,40.799999999999997,30104,42.399999999999999,28632,952,47,111,11,459,145,206,15745,14359,1703,1705,1782,1920,1708,3667,3878,4732,3810,2488,1786,925,41.799999999999997,39.600000000000001,44.600000000000001,11652,2.380000000000000,1452,1860,2220,3808,387,782,7806,2.870000000000000,13080,1428,9105,2547,1067.000000000000000,411.000000000000000,398142.000000000000000,246518.000000000000000,709.649999999999977,0,2.192580717770000,707226.389297481509857,19983296374.877323150634766,Montgomery,29,28045,13.500000000000000,0.376200000000000,103.405241599999997,Low,Med,Low-Med,Med,Low-Med
Morgan,Illinois,17,137,17137,34791,60.799999999999997,35547,62.100000000000001,32321,2122,78,168,7,712,273,578,17861,17686,1951,2118,2095,2545,2529,4217,4102,5400,4655,3050,1963,922,40.799999999999997,38.700000000000003,43.000000000000000,14104,2.300000000000000,1947,2502,2410,4273,397,1104,8851,2.860000000000000,15515,1411,9922,4182,693.000000000000000,433.000000000000000,265152.000000000000000,248220.000000000000000,572.320000000000050,0,1.996382168890000,618448.615155591629446,15930499142.546354293823242,Morgan,54,33400,12.400000000000000,0.772300000000000,161.676646699999992,Med,Med,Med-Med,High,Med-High
Moultrie,Illinois,17,139,17139,14892,43.200000000000003,14846,43.100000000000001,14622,41,28,31,0,129,34,90,7212,7634,990,1059,1015,991,747,1757,1683,2115,1871,1262,846,510,40.299999999999997,38.600000000000001,41.899999999999999,5758,2.510000000000000,638,831,1302,2017,149,356,4053,3.010000000000000,6260,502,4441,1317,526.000000000000000,384.000000000000000,194929.000000000000000,268365.000000000000000,344.540000000000020,0,1.352177112210000,436807.887250321975444,9558535964.841184616088867,Moultrie,20,14347,9.100000000000000,0.405900000000000,139.401965600000011,Med,Low,Med-Low,Med,Med-Med
Ogle,Illinois,17,141,17141,52361,68.599999999999994,53497,70.099999999999994,49867,483,111,250,14,4741,2015,757,26523,26974,3179,3591,3909,3955,2728,5603,7019,8696,6695,4466,2571,1085,40.700000000000003,39.899999999999999,41.399999999999999,20856,2.540000000000000,2491,2622,4754,6939,652,1386,14711,3.010000000000000,22561,1705,15922,4934,1011.000000000000000,351.000000000000000,326755.000000000000000,273371.000000000000000,763.129999999999995,0,2.128667478060000,638220.340537215815857,21152322338.501899719238281,Ogle,52,50306,8.300000000000001,0.495000000000000,103.367391600000005,Low,Low,Low-Low,Med,Low-Med
Peoria,Illinois,17,143,17143,185034,293.399999999999977,186494,295.800000000000011,138800,33030,526,5856,62,7102,2956,5264,90247,96247,12709,12210,12306,13488,13362,25037,22774,25572,23073,13411,8568,3984,36.799999999999997,35.399999999999999,38.200000000000003,75793,2.390000000000000,10570,12911,13233,20201,1818,7648,47248,3.000000000000000,83034,7241,50515,25278,884.000000000000000,283.000000000000000,216260.000000000000000,164249.000000000000000,630.559999999999945,0,1.842658602110000,583445.120243170415051,17530564699.412269592285156,Peoria,145,177652,14.199999999999999,0.910900000000000,81.620246320000007,Low,High,Low-High,High,Low-High
Perry,Illinois,17,145,17145,21893,49.000000000000000,22350,50.000000000000000,19656,1866,55,87,8,599,365,313,12114,10236,1182,1334,1292,1485,1585,2949,2964,3266,2778,1840,1155,520,39.299999999999997,37.100000000000001,42.600000000000001,8335,2.380000000000000,1066,1320,1585,2710,249,650,5622,2.900000000000000,9426,1091,6416,1919,572.000000000000000,322.000000000000000,153514.000000000000000,115954.000000000000000,446.810000000000002,0,1.438476020410000,452999.470942930784076,12570939918.693643569946289,Perry,29,20664,15.100000000000000,0.831700000000000,140.340689099999992,Med,High,Med-High,High,Med-High
Piatt,Illinois,17,147,17147,17189,39.100000000000001,16729,38.100000000000001,16393,58,29,51,6,167,35,157,8271,8458,945,1119,1181,1115,720,1758,2047,2845,2286,1478,860,375,42.500000000000000,41.299999999999997,43.700000000000003,6782,2.460000000000000,730,933,1618,2411,157,366,4823,2.920000000000000,7269,487,5497,1285,422.000000000000000,607.000000000000000,251190.000000000000000,391675.000000000000000,439.360000000000014,0,1.488186798350000,498467.691734493419062,12499423883.766166687011719,Piatt,9,16355,6.400000000000000,0.009900000000000,55.029043110000003,Low,Low,Low-Low,Low,Low-Low
Pike,Illinois,17,149,17149,16052,18.899999999999999,16430,19.399999999999999,15928,275,28,38,7,172,38,116,8198,8232,1024,999,1030,1037,893,1752,1990,2367,2202,1551,1009,576,42.500000000000000,40.799999999999997,44.500000000000000,6639,2.380000000000000,791,1052,1338,2277,222,415,4527,2.870000000000000,7951,1312,5108,1531,956.000000000000000,468.000000000000000,342907.000000000000000,291705.000000000000000,848.889999999999986,0,2.280335470680000,705285.985356945660897,24159952626.024505615234375,Pike,39,15239,13.500000000000000,0.653500000000000,255.922304599999990,High,Med,High-Med,Med,High-Med
Pope,Illinois,17,151,17151,4120,11.000000000000000,4470,11.900000000000000,4098,269,29,11,1,64,23,39,2356,2114,205,210,236,366,288,406,435,672,687,564,306,95,46.399999999999999,43.799999999999997,48.700000000000003,1829,2.230000000000000,280,265,286,700,47,92,1209,2.720000000000000,2491,662,1475,354,322.000000000000000,205.000000000000000,30878.000000000000000,27503.000000000000000,374.629999999999995,0,1.583288295060000,531119.796778040938079,10643667593.975706100463867,Pope,2,4142,15.600000000000000,0.594100000000000,48.285852249999998,Low,High,Low-High,Med,Low-Med
Pulaski,Illinois,17,153,17153,6095,30.000000000000000,6161,30.300000000000001,3965,1994,26,13,3,97,41,119,2943,3218,359,420,377,430,345,621,645,964,876,583,396,145,43.200000000000003,42.299999999999997,44.100000000000001,2642,2.320000000000000,411,472,388,763,72,253,1658,2.960000000000000,3155,513,2000,642,222.000000000000000,456.000000000000000,83055.000000000000000,180453.000000000000000,203.319999999999993,0,1.140302926850000,367119.303621632861905,5934359298.513795852661133,Pulaski,6,5201,20.399999999999999,0.712900000000000,115.362430300000000,Med,High,Med-High,High,Med-High
Putnam,Illinois,17,155,17155,5759,33.399999999999999,6006,34.899999999999999,5803,32,6,13,1,252,82,69,3035,2971,312,349,384,366,277,608,686,1014,941,595,333,141,45.200000000000003,44.399999999999999,45.899999999999999,2509,2.390000000000000,313,339,499,945,70,113,1734,2.850000000000000,3074,565,2082,427,147.000000000000000,339.000000000000000,43680.000000000000000,395662.000000000000000,172.229999999999990,0,1.016527372470000,315837.773418172146194,4755106008.882004737854004,Putnam,1,5716,7.300000000000000,0.049500000000000,17.494751569999998,Low,Low,Low-Low,Low,Low-Low
Randolph,Illinois,17,157,17157,33019,55.200000000000003,33476,56.000000000000000,29318,3263,62,104,15,867,403,311,18378,15098,1717,1851,1871,1932,1952,4709,4527,5289,4288,2731,1781,828,41.000000000000000,39.100000000000001,43.799999999999997,12314,2.370000000000000,1676,1879,2381,4018,356,804,8188,2.900000000000000,13707,1393,9328,2986,808.000000000000000,324.000000000000000,216508.000000000000000,121881.000000000000000,598.039999999999964,0,1.830131952200000,581594.270752672571689,16530735018.870138168334961,Randolph,51,31351,12.000000000000000,0.564400000000000,162.674236900000011,Med,Med,Med-Med,Med,Med-Med
Richland,Illinois,17,159,17159,16113,44.500000000000000,16233,44.899999999999999,15795,78,25,119,1,205,64,151,7957,8276,974,1045,971,1062,882,1837,1891,2432,2029,1541,1024,545,42.200000000000003,40.399999999999999,44.200000000000003,6726,2.360000000000000,826,1145,1315,2161,184,419,4438,2.880000000000000,7513,787,4886,1840,596.000000000000000,299.000000000000000,158227.000000000000000,201000.000000000000000,361.899999999999977,0,1.294642024400000,412299.001058168651070,9962885938.258401870727539,Richland,29,15507,11.900000000000000,0.455400000000000,187.012316999999996,High,Med,High-Med,Med,High-Med
Rock Island,Illinois,17,161,17161,145472,322.199999999999989,147546,326.800000000000011,120382,13289,395,2419,48,17118,6555,4458,72375,75171,9465,8983,9132,9722,9468,18462,17459,21426,19548,12203,7976,3702,40.000000000000000,38.399999999999999,41.500000000000000,61303,2.340000000000000,86/8,1071,10203š17=403643-5447,78384,2n9300000000 00,64756,445,4ý>18,188x5,>49.000000p0010844,24v.400000000040082,1235=.4000000Ý00¯000,1539?#.00080000¯p0p000,451.740008050010p20,0,2n3;0396154460008,721162.51692480209À27,12Â5287993.32074ý7459796x0,Åck0AslanD˜34,14096-13.700¯8p0100¡08,0.920¡ý0000000¯1l242.0039q 0200¡ý00HighMed,Hyfh%Mdd-High(Hioh=Ligl
St& KlAir,IllioÕs,1?,14°,1?1&3l464:5,39u.1¿99199Ý999989,27056,480.600401006000022,1744=8,82382,6ñ2-;r76,227,83:5l3137,6000,1r9976,10080,18398,10679,19182,19554,1740&,351w8l3%17,493¯631!q4,7252,318u2$486,;6.99y9¿99999=897,35.389¿99998899)99,#8.30002000 000023-107045,2.530000000000000,121s8,!50'8,20=76,2671,2938,1¯435$70&89Û3.09p0000002p000p,Q562t9,1204$69Ñ46,65399.793:0000400`0100000,2¿9.0000p20000000-318849.0000000000000  ,13101¿.0000p¯0020000,6ñ.15999998)899977,0,.025477¯415 0800,%¡4084.912%0900300c128-1852941612.453843071'ñ7#4St. Cneir,3:2,25004v,q3/=02000000001,0.5188¿000000000,12<.7839179999)9999,MÍdlMee,Med-Mgd,Lg,Ied-Dkw
Saline,ILhinnhs,17,1v5$171Ñ5,244d=,63'210000000000003,04912,64.<000000000¯0006˜0#178,9¿,<8,10113,340.97,537,12170,1;43,14ç9,1=>,151.08r8<136%˜2734,"9ç7,3550}3305,:431,151,623.43,30000008008¯p03,39.600000pp0¯00 1,4&899999)9999=999,10379l2.320000¯800 100,1443Ý870,183=,3085,316,797,6631,2.8900 210000000,!686,131),7520,28!=,=20000p¯ 000100,21.20000p8000¯000p$1"2113.0080¯10080000,1667ñ2.0000800000010¯,;86.z899999)9¿9-96(0,1Û27991104270001,<1509-715906753230140,107x8253426.763505y352v845,SalÕne,t1,279:2,1=.3ý000800100 p0-0.84108000000200,176.06331799y91199>,Mdd,âhgX(M¾d-JÕgh,High,Oe$-High
Sengamn,Yllanois,17,163,171v7,1994t2,ý27.4000¯410¯00 7,197445˜ý7.29)9?8999999994,165103,ý237§,394˜3200.47,6480,1¯57˜4319(95380,102Ñ91,1241$(þ""p5h329s6,13061,#17¿0$2549¯-2078,30510,·4092,14307,9000,40ç5 19.14208020000000!,37.6008004000Þ0009,60.6¯0020¯40800001˜8ý=86,2.33000000p0000p4,11q41,!5 48,34969,2186723p,ñ627-5137>,ý.96800200000000:,89;81,6y15,5835!,2463ç.1 83.100000000100000˜91,00000000400000$4)7?85.pp¯ 000000000,325599.008000000000004,:37.0399¿¿99919164˜0$2.40805569640002,73¯25532(75=662058ý:,ý4368=9714ˆ536Ñ43524169;62,Sangamn,191,193882,12.8 p000¯08000801,0.990°0p00p0¯$1,)7.99771120200004,ägs(OÚ$,\owM%d,High(Los-)gi-
Qch}yler,Illinohs,15Ê!69(!669,7168(1ñ10000 p10001001,7554,17.q8600000000801,720=,2$3,12,,1.90(36,383133,7611,424,398,4'1,458,38<9p5,1021,1Ý71(1t59,704,470,226,43.7·00020000000#,43.200001000000003,44.:9999»9=9999)97,3040,2,330000000000¯p04407,46#,576(#51,;3,367(201<$2/830000000000p0,2459,411,268,w32,546.000000000000000,ý89.00000000 0 0082(553839.0000 0000000000,2133(.0010000030100 ,4t1&#2998y998989¯4,¯,1(9249275247210 1,581165.48354711296130#,!30u¿1ç796>Ý08027648905795,Schu{le{$8,6738!11.69999999999999y,0.55454200Ý 01 00,118Û56959#3=989=y99ÛMed,]Ed,Mmd-Med,mef,IedÙMed
co\t<IlLinois,q?$17,1971,50ý1-r0*10!001009000001˜55l29.5¿¿1959999999,5269,9,9,Ý2*0)43,Ñ,40,2619,736(362,40,371,358,043,57°Ê31%902,246,52&,;10,130,42.5p000004Ç00000,Ç1.70020¯0p0000901,Ç3*799À999998y999,2214,2.40p000¯ 741000,276,368˜4¡3(737,7Ý4411516,6.8000 00¯x800x0,2t11$2t5,1704˜310-310n00p00000ý000880,508.0000001q0000000,1318y<.000P"000820000,282993.000008¯00000002,25ý.58999999¿899)2,0˜1.þ5%52063480 00(367320295280)26608038,;086440614.415773333=76664,Scovp,4,¥950,10.8¯0000020000400l0'57401202:00000,80.808182¡10 40¯07$Low,Med<los-Med$Met,Ln¼-Med
Shg|by,Il|ijohs,17,17;,17173.21924l2:*5¯1800003¯000l22363-29.10000 00(00001,2204$50-43<56,5,180,38,122,Ý113Ý1vr5,1r71,133ç,14¡6h1513lÝ1 8,ý275,2.23,34ý(<302,2187,1:ñ4,66953.3999999999998=9,42.100 000000 041,4>399999999999917,y"16,0o40000020p00¯000l1189,0306-1;01,364,46,496,6376,3*90000Ý000 0:¯00,10392,1q44˜745Ý,!761,119ñ.$000000101 0000>s0s.p0ý10000400¯080,r5645.0000p0p000 000<1(3981.00 000000 ý08p0,368120000000000005,0,2.202345557890000˜69ñ344>43056!917"67136.218105ý6Ç76.536033843194qt5,shelby,70<21299,8.90r04p8P0p0100,0.025600000p00000,140.89>83199999897,MedLow,Ie$-HOw,Lmw,Med-Low
Stark<Illinoas,03,175<1165,5964,20.2180p00(0¯080¯1,5994,60.8000004p02p0001,585,28,10,1y,0,59,20<62,2923$3061,32,s79-439,412¥2>4,572,7q,:70,840$610,784,200,3.7400000040p 20;,42.2000000003000ª,<Ç799;9099999997,242=,Ñ.$30010000¯00¯ ,88,362,09,8v3,v),113,Ñ7,2/93 0800¯0200080-2264,26=,193?,488,36r.00000 x04 30"0,494.00¯0000000p0000-14922x.000000400r0000,321247.0¯020000000 224(9>.°39999199)y)95,8,1,20!963381760000,377823.s66066ý411946Ç6,79 0824223.5s8¿x620>054688,Stqrk,92.522,12.8040051¯0p00001$ .5¡9110¯8000¯002,328.050171q0p400004(High,MadHygxMee,LoW(àighmLowSt%phensn<Išlinoir,16,177˜17177,%6652,<1.7998899999=9997,47711,84.40000 00¯000p0&,4211,4275,85,29,141r0&˜50,¯199,33146,456,2(13,29q2,3049,3283,2492,5875,ç591,7329->418,6471,3016,171,43.10410000040000q$61.799999999;;8=7,44.3998;9999999)9Ý,¯98$5,2.3600 00¯000000,2?Ç7,3346,7686,6490,52Ý.1572(934Ý5l2.900p002000008¯0,2"081,2r26,1t472,5571,96.00000010050 0 ,316.000000000000004,ý77856.00¯00Á000000000-r98940.00000¯001000,56t.1:080000801¯005,0-1.64772w93ÝÝ%2008,542339&t421t30>043845,15=7y7Ç213.3082523345)47ý7Step(eksoŸ,64,43<31,1119=99:99989919,0.8'13¯02000p0000,146.p53'ñ19999889lMedMmd,Eed-Eqd,High,Med-HKghVaJewell>IllinoiS,9,17,1717YL135uÝ6,206.00000000 ¯00000<1;5394,205.800 0000001611,130225,13'365.999,33,051<$6'7, 729$671),60w5,8672(8870$8850,8634,7012,15;63,17416<00069,14py,10717,7000,3823,3	,'0000p002000403<Ïx.39891y=99999¡9=,41+s0Ý1000000p80 3,50146,2.45000000000000,72x5<3;67(115!1,Ýñ776,1$31,3707,771632.94440000800010¯˜5351Ñ,3370,43349,q2797,877"0000000000000,351₤000200000¯0000",2<2185.0022010:0p00000,257215.0000r00000000 ,656.95p200000000147,0<2.002883685770100-627'91.!7311%839011Ç4(100v30Ý6816.8r347q0693358$lTazewmll,111m13¯757-7f&0010800000000,0.1881 0000000400l84.87731p230800026,Log,Low,äow-Lw,o(Lÿw-Dou
Union,MlhinoiS,+7,181l16180,17492,41.£99¿999y999y99917xp8,<2.200040024p40023,16y¡2$16$¿7(74,6-863,340,267,8082,8926-1029,108v,1 16,q161,1033,58s6,2154,2?40l"477,1819,973,44°,Ç2.819919989991999,41.6p00¯40x20001!,40.2¿);(999999¿997,7#6¼,2n410000000000000,8,1162,<3$,r335,188,461lt837,2Û9"28000000 0000,79·4,7%,5t51,1?56,590.0100¯00pp00000,055.0000¯0p000100p,110Ñ$5.00¯800000200002˜89261n000000000¯000.422.1"y)999y¿989)5,0,9.474103708970000,Ç65039.5162956:0y845,qq8s778447.=182Ý86136'0:9=,UŸion˜21-9649<,1Ç,00Ý04800000800, /841600¯0000200,927n"88!Ñ099999985$Med,Mdd,Íd-MetäkGx$Med-HigHVmrmilkon,I|linis,17l1x3-17183,78569,87*2000 00000p0003,1625,90.1400000020000x.67°23,10531,9=1,564-q73441,189¥17?8,Ñ0470˜4104u,5489,5;>,5453,ñ15˜400,966,9641,10¡41( 0628,699,<46*˜1882,38.w080000000p03,#8.50002000p00000!,49.700¯000 000000,1265,2.4000000000000842t1(u99˜5595,9;;8,306¼,37q0,21#92,3>9640080000 00 ,36308-2663,22930,98r5,)49.0000080020p0000,449.00000000000800p,44398.00010004000p020,b69782.0000000001 000$,901.47000002001¯0s7,0,2.873426871002-6<08.04244ç484857783,25019130(5/880461qr064546¿<Vermilion,8,74855,1.620000000020001,¯.9°0700000000¯00<112.2169528000800Ý,Low,Iig(,Low-Xigp,Higj.LowÙHighmWÃãa{i,ìllmfois,17˜985,5'185-115°,50,29999999¿;8}9=7,19943-=2.50000010000 0,11576,77,21,°0,-158,62,13v,5846,6101,722,723,647,837,63713>6(13s9,1824<1632,501¯,743,38,42.10000050000¯083-t0.501002000001800,43.799=9y+9=999997˜501#,6.31¯00 04p00002,746,827,1006,16<6,116,30!,°31,2.9%0000000020000,5u:5,473,3722,322.r08088000000p00!,555.000020P00000800,105555.41100000000808,252714.000010002000¯00,227Û2000001000"¯12,0(1.3421:65&8400000<Ç373!.4132(9160000°15˜6°57692ñ81"222960476106934,wab!sh,15,1010,1Ý.9¿989=999999,0&6931000000004,134.48:5=4¯40 011,M!$,meD,Me$,Med,Li&h,]ed-High
Warron˜Illinois-17,187,17187,97013,31.5000(0000000000,Ý7707,3:.200000:00000201,17165,;8s,42<y4,019498,80Ç,28Ñ,861$9Q06,1431(1p71,9131,1534,1#60,1¿07$1)8,:648, 318$1112985,439,29.6 0000000000¯01,3:.29999999y9999y'4q.0002¯00200p0000,6910-2.400080000p0 400,8°3,11"%333,6s87.2"3467$46p7,:.91080¯00040110,7682,74-5089,3809,713.00000 000000200,4<p.00010000000000 ,#01432/00000000200000 ,356690.pp00 00080¯00,441.6919999;9;951,<1&54027(96244201,507Ñ41.452<1916138931v,qu133&79667.07680477327632',Warrun31,1669Ñ=1.69999999989999,1.362400000000 01,18=/&'3215099999)3,hÕgh,MadlHigx-Med,Hifh,Hiwh-@ich
GeshinGton,Ihlynois,17,189(q7389-15542$05.8002000000p01,1456-66.q000002:000000¯,14376<121$18,4ý,4,19w,&1,Ý94(7373,7s4s(823.906,904,991,78s,1546,1=93,243",1995,3:78,828,39,4/2999;9999q8897,51.399989999899;9,43&000000010000000,592>˜2.440p00020260000,>~5,770,3328,2082,13-287,4112,ýÛ9300001000¯¯00,6534,>48,478p,1Ý4>l71%.00Þ0010400p0000$488.00¯0010 0308000,32?7¯8k0000000"000010l2x4988/00000p00000000,764.2;000¯20000018h0,1.~632>793000¯53Ý286.r66w828w'00110,)u76568369'.77v599s17626953,Wasxin&|on,57,13364,7.70r04000 80pp00l0+1396¯000000 00Þ,12;,510607°y9)99998,ed,éoW,Med-Ho¾,N|.Med-Lo
Wayne(Illynois,17,¯99,17991,6455,23,0¯00p0000000000,16760,23.39999y99999999;,1642w,42,35,?1,1,176,48,12v,8258<8ç02,1q48,3050,1441,Ý0vp,832,9858,1963l242ñ,2r22˜071t,Ý092,4w3,4r.7000000 004"803,41.2¯80000002803,44.29999;9999997,7q02,6.3500000000000p(88ý,1111-141,r492.1(8,402,4853,2.(6p000000000p00˜7»75,8ñs,1603,1499.Ý025.00p2000000p0000,3}9.010 000p0000000.319637.400!0000000000¯.183665&00008000012021,715.58p00 00 80400,0<1*80#2511580"000(31261.18719963287803Ù202234033?2.80753728¡=7423,W`yne31,060µ5*Ý2.=0000002000400,0.w"28 pp20000000,19,37u3s5"99999989,Jiwh,ed,Hich-Med,LighÛHigh˜èighMJWhive,Ildinoas,37,193,37192,14s¿4,v8.6=9;=99ˋ99999;9,14664(2.199¿99998x99999,1439346,|5,31-,058$27105,708',580,881l935,827,862717<11$$1564,2305,17x6,1506,Ý063,510,45100000200600001-43.39999999¿999y97,$4.20000000¯0000;,6311<2"ý6¯01010000000<:52,1074,1036(2115,080˜;85,419,2.7000000004000 0,6181,8¼8,4801,Ý492,4;7.000000000000040,584.000100000000000,277757.00000000000800,2843)*00400000¯04Ý00,501.9099999999)9989,4,1.7662465ç6020001,561952.>901ý825£190ñ78,037<2788144.1687#8284201758,White´°8,13364,15n400 00Þ000¯0000,0*663500000010000<224.48369350100 p02,High,higÒ-Hioh-High,Mee,@igh5Mtt
Whiteqide,Illinois,Ý7,195,1g!97,u7162<82.000010040400000,%8498,84.010000000000000,53973(ñ(1,172˜276,y,651,2044,12y¾:8717,29ñ3,350:,3707l0¯%;,7920,30¨2,&161,?0(7˜8890,7<39,q166˜3470,1v0,61.79=;9999899999',40710000020000040,Ç3.:00¯00800000003,2374 ,2n42p¯00000000¯0$2901,#v43,4453,7775,76,190˜16005,2.921000010002014,771,2p30-7692,6008,;5y.0000 02008p4000,8>.¯0¯¯00 00000200,1403ç5.00000400800000,19391n400¯p002 002000,696.63999¿;)=)99986,2,1.(4964757900 8 0¥5164.3>4345936154s)c,;9335955002.Ñ9020248t138h59,ßhitÍsidm,148,54656,9.94000p00000p00Þl0/465°00000p0000,670.w845s2y9999996<LighÕLow,Hifi-Lo,Med$Hig(-LadWh<l,IlliNohs,17,1¿7,971;7,701209,82þn79995y9999955,677560,793.89919=29999',714664,757<3,1?03,30¡3;l136,1058Ý7,391"5¥15t56,332556.3410p4,Ç8005$56156,57446,%r5<5.32t07,:2963-1081q5˜103Ý5678977,3>18,1¡84,w50r<#5&39¿99999;999¿9˜34.5020000p000000,34.200000000000002š22u256l.Y7p40¯ 0¯0000¯ ,188<722892,77560(62985,5671,16062l7¶<62,361000000420000,2351122651z7425,37831,88100000004000060ƒÞ00000"10020¯,201u8.42 000000 Ý4p0p176674.000000Ý`00802,4=.26002020¯001427Ù0,2.488583610900¯00,774433.85289286119039,23627°5946n'46113385009766,Sidl,60,Ñ8726,7.200040010008000,8.39&040000000000,93.¯7¯3937400pp002,Lo?,LowäLoÆ-DoW,MeD˜\ow-MedWhŸLiamson,IlhinoiqÎ17$199,17199,6860:,14Ê.60 20000000800v.66È57(q49.30000¯0 00t011,61542,2542$246521,9,13P9,362,1099,30824,33533,6p=6,472˜397Ç15,39#1,8469,851?-;7#9,857Ý,4973,40x,1456,40/1000004p08000,68.(9999)999;9999=,61.500 00000000x10,rw42,2Û350200Ý00000000,411$4563,5135,:410,850,r144,1w899,2.98000000600040,30379,29°819405,7818,613.00p000400000000,1?0.003001000010 0R,73251&20 000000000000,56906. 000¯0004000˜44$.37000860x000015,0˜1.40934?80033000,44695!.648332¶9844473,1223928 ¿98.7¯:26669711=234$Wmlliamson,76$66014-5.900000000000001,0.584"00000000800,114,431;80ý999998:3˜Low$Ild,Low-Eed,Med,Low-Me`Ui.nebagOIllinois,17,22Ý,1'2 1,289766,4=8.5¯ 0(0000000023,29=246,548.?200000000004=229752,3>10(,60,Ñ8Ý0,71,32!75l14339,8°23,1$4327,150939<19656,2012),6)73,215ñ6(1742,36600,3¡w54,44139,36297,:34;8,1334°,597,8.2000800100 0p0,#7n100000p0800000a,;9.21199999999987,115p1,2'5200p01010p000,14426,17517,:2684,31848,3w04,11273,W6854,.¯w00P00000 0000,1:Ç6%,90464,793Ç5,3:156,736.00000040000000-24,080200004000400,15005.00000Þ10000000,145Ñ4$.0010040480040,519.3300¯80p000018,0,1.404518877480000,498347ný85001¡7271351,144>36;4464532&*x1<869341,Win~ebago,324,"8Ý295,Ýç<6000000010001¯,6&9200000000002Ê05%.18!7'099998y97,Moµ,HIÓh,LowmHÕgh,Hagh,LowHigh
WÿodFOrl,Illinomw,1,"0113203,39794,73."399¿y1999¿¿997,1,664,7Q.2000020001000p2,376&3$587,?4,213,5,527ç19&423,19300,7564,2428,67=8,2Ý5s,2875,"0ç4,4192,4501,%)7p˜495:<2835,Ý84?,104Ý,19.522400000 10000,3(.099999999}9997,42.70008008(u0¯3l147&,0.6t00000000240p0,14qç,1Ñ91,3(54,524ql222˜74$1675,3.070¯0100ç02080,15145,869,1915,2Ñ1,900.400000 000 0000,308.0000 02`00000¯q-258978*400100p000 00¯8,234897.800000008000000,52Û6499y9999919}v8,0,Ý.0343387ç(910000,46"8Ý5.38144761276296w,15245248211.84543608Ñ191427,ngdfmr`$07,3801,6.200082000000 ,$/¯96000000080˜124.763424899999993,Med<Now,Med-LowlLow,Mel-Lgw
